content;contacts
some-content;some-contact
some-content-1;some-contact1
some-content-6896796;some-contact6896796
some-content-334534534;some-contact334534534
some-content-6769789;some-contact6769789
some-content-5758678;some-contact5758678
some-content-232423884;some-contact232423884
some-content-67844337;some-contact67844337
some-content-333456576;some-contact333456576
some-content-77433333;some-contact77433333
some-content-6555555;some-contact6555555
some-content-77777776;some-contact77777776
some-content-898888889;some-contact898888889
some-content-00000888;some-contact00000888
some-content-12313114364575;some-contact1231311
some-content-345214234234;some-contact345214234
some-content-3432535345345;some-contact3432535
some-content-4579707090789;some-contact45797070
some-content-34534535453;some-contact3453453545
some-content-780780780984;some-contact780780780
some-content-6786786788;some-contact6786786788
some-content-676854858568;some-contact676854858
some-content-67867867969769;some-contact6786786
some-content-080890890890890;some-contact08089
some-content-12312311231;some-contac4
some-content-123123123;some-contact123123123
some-content-12312312;some-contact123123123123
some-content-111123234;some-contact111123234
some-content-2342423423423;some-contact2342423423423
some-contentcontent-234234234234;some-contact23
some-contentcontent-2342342342342;some-contact4
some-contentcontent-3452324;some-contact3452324
some-contentcontent-345345345345345;some-contact5
some-contentcontent-56755445456456;some-contact14
some-contentcontent-67865675678;some-contact8
some-contentcontent-6786786;some-contact6786786
some-contentcontent-678678;some-contact678678
some-contentcontent-6786;some-contact6786
some-contentcontent-897667;some-contact897667
some-contentcontent-9999999898;some-contact999
some-contentcontent-0000;some-contact0000
some-content-999;some-contact999